,M_NAME,Cluster
175,Aalon Cruz,3
176,Aaron Brink,1
177,Aaron Phillips,1
178,Aaron Riley,1
179,Aaron Rosa,3
180,Aaron Simpson,4
181,Aaron Wetherspoon,1
182,Aaron Wilkinson,1
183,Abdul Razak Alhassan,0
184,Abdul-Kerim Edilov,0
185,Abel Trujillo,1
186,Abner Lloveras,3
187,Abongo Humphrey,1
188,Abu Azaitar,4
189,Abubakar Nurmagomedov,4
190,Adam Cella,1
191,Adam Lynn,1
192,Adam Milstead,3
193,Adam Wieczorek,1
194,Adam Yandiev,1
195,Adlan Amagov,4
196,Adrian Serrano,4
197,Adrian Yanez,2
198,Adriano Martins,1
199,Adriano Santos,1
200,Aiemann Zahabi,1
201,Aisling Daly,4
202,Akbarh Arreola,1
203,Akihiro Gono,1
204,Akira Corassani,3
205,Akitoshi Tamura,1
0,Al Iaquinta,1
206,Alan Baudot,3
207,Alan Belcher,1
208,Alan Jouban,2
209,Alan Omer,4
210,Alan Patrick,4
211,Albert Cheng,1
212,Albert Morales,1
213,Albert Tumenov,1
214,Alberta Cerra Leon,1
215,Alberto Crane,1
216,Alberto Mina,1
217,Alberto Uda,1
218,Alejandro Garcia,1
219,Alejandro Perez,1
220,Aleksa Camur,1
1,Aleksandar Rakic,4
221,Aleksandra Albu,1
222,Aleksei Kunchenko,1
2,Aleksei Oleinik,1
223,Alen Amedovski,3
224,Alessio Di Chirico,1
225,Alessio Sakara,1
226,Alex Andrade,1
227,Alex Caceres,1
228,Alex Chambers,1
229,Alex Da Silva,4
230,Alex Garcia,1
231,Alex Gorgees,1
232,Alex Hunter,1
233,Alex Karalexis,4
234,Alex Morono,1
235,Alex Nicholson,3
236,Alex Oliveira,4
3,Alex Perez,2
237,Alex Reyes,3
238,Alex Ricci,1
239,Alex Schoenauer,3
240,Alex Serdyukov,1
241,Alex Soto,3
242,Alex Stiebling,1
243,Alex Torres,1
244,Alex White,1
245,Alexa Grasso,2
246,Alexander Gustafsson,1
247,Alexander Hernandez,2
248,Alexander Munoz,3
4,Alexander Volkanovski,2
5,Alexander Volkov,2
249,Alexander Yakovlev,1
250,Alexandr Romanov,4
251,Alexandre Barros,1
252,Alexandre Dantas,4
253,Alexandre Ferreira,3
254,Alexandre Franca Nogueira,1
6,Alexandre Pantoja,1
7,Alexis Davis,3
255,Alexis Dufresne,4
256,Ali AlQaisi,4
257,Ali Bagautinov,4
8,Alistair Overeem,2
9,Aljamain Sterling,4
259,Allan Goes,1
260,Allan Zuniga,1
261,Allen Berube,4
262,Allen Crowder,3
263,Alonzo Martinez,3
264,Alonzo Menifield,1
265,Alptekin Ozkilic,1
266,Alvaro Herrera Mendoza,1
267,Alvin Cacdac,1
268,Alvin Robinson,1
269,Amanda Cooper,1
270,Amanda Lemos,3
10,Amanda Nunes,0
11,Amanda Ribas,4
271,Amar Suloev,1
272,Amaury Bitetti,1
273,Amilcar Alves,1
274,Amir Albazi,4
275,Amir Sadollah,1
276,Anderson Dos Santos,1
277,Anderson Silva,1
278,Andre Ewell,1
279,Andre Fili,1
280,Andre Galvao,4
281,Andre Gusmao,1
282,Andre Muniz,4
283,Andre Mussi,3
284,Andre Pederneiras,1
285,Andre Roberts,3
286,Andre Soukhamthath,1
287,Andre Walker,1
288,Andre Winner,1
12,Andrea Lee,2
289,Andreas Michailidis,1
290,Andreas Stahl,3
291,Andrei Arlovski,1
292,Andrei Semenov,1
293,Andrew Craig,1
294,Andrew Holbrook,3
295,Andrew Sanchez,3
296,Andy Anderson,3
297,Andy Enz,3
298,Andy Ogle,3
299,Andy Wang,3
13,Angela Hill,3
300,Angela Magana,1
301,Anistavio Medeiros,1
302,Anna Elmose,1
303,Ansar Chalangov,1
304,Anthony Birchak,2
305,Anthony Christodoulou,1
306,Anthony Figueroa,1
307,Anthony Hamilton,2
308,Anthony Hernandez,3
309,Anthony Ivy,3
310,Anthony Johnson,2
311,Anthony Lapsley,1
312,Anthony Leone,4
313,Anthony Macias,1
314,Anthony Morrison,1
315,Anthony Njokuani,1
316,Anthony Perosh,3
14,Anthony Pettis,1
317,Anthony Rocco Martin,1
318,Anthony Ruiz,4
15,Anthony Smith,1
319,Anthony Torres,3
320,Anton Kuivanen,1
321,Anton Zafir,4
322,Antoni Hardonk,1
16,Antonina Shevchenko,1
323,Antonio Arroyo,4
324,Antonio Banuelos,1
325,Antonio Braga Neto,1
326,Antonio Carlos Junior,4
327,Antonio Carvalho,1
328,Antonio Dos Santos,1
329,Antonio McKee,1
330,Antonio Mendes,1
331,Antonio Rodrigo Nogueira,1
332,Antonio Silva,3
333,Antwain Britt,1
334,Anying Wang,1
335,Ariane Carnelossi,3
336,Ariane Lipski,1
337,Ariel Beck,1
338,Ariel Gandulla,1
339,Arjan Bhullar,4
340,Arman Tsarukyan,4
17,Arnold Allen,1
341,Art Jimmerson,1
342,Artem Lobov,1
343,Asbel Cancio,3
344,Ashe Bowman,1
345,Ashkan Mokhtarian,1
346,Ashlee Evans-Smith,1
347,Ashley Yoder,4
18,Askar Askarov,4
19,Aspen Ladd,3
348,Assuerio Silva,1
349,Augusto Mendes,1
350,Augusto Montano,1
20,Augusto Sakai,2
351,Austin Arnett,3
352,Austin Hubbard,1
353,Austin Lingo,1
354,Austin Springer,1
355,Azamat Gashimov,1
356,Azunna Anyanwu,1
358,Barb Honchak,1
359,Bart Palaszewski,1
360,Bartosz Fabinski,4
361,Bas Rutten,2
362,Batgerel Danaa,2
363,Bea Malecki,3
364,Bec Rawlings,3
365,Belal Muhammad,1
366,Ben Alloway,1
367,Ben Askren,3
368,Ben Earwood,4
369,Ben Nguyen,1
370,Ben Rothwell,3
371,Ben Saunders,1
372,Ben Sosoli,3
373,Ben Wall,3
374,Bendy Casimir,1
21,Beneil Dariush,1
375,Benito Lopez,1
376,Benji Radach,4
377,Benson Henderson,4
378,Bentley Syler,1
379,Bernardo Magalhaes,1
380,Besam Yousef,2
381,Bethe Correia,3
382,Bevon Lewis,4
383,Bharat Kandare,1
384,Bibulatov Magomed,1
385,Bill Algeo,3
386,Bill Duvall,1
387,Bill Mahood,1
388,Billy Evangelista,4
389,Billy Miles,1
390,Billy Quarantillo,2
391,Billy Vaughan,1
357,BJ Penn,2
22,Blagoy Ivanov,1
392,Blas Avena,1
393,Bob Cook,1
394,Bob Gilstrap,1
395,Bob Sapp,3
396,Bobby Green,1
397,Bobby Hoffman,4
398,Bobby Lashley,4
399,Bobby Moffett,1
400,Bobby Nash,3
401,Bobby Sanchez,1
402,Bobby Southworth,4
403,Bobby Stack,1
404,Bobby Voelker,3
405,Bojan Mihajlovic,1
406,Bojan Velickovic,1
407,Boston Salmon,3
408,Brad Blackburn,2
409,Brad Gumm,1
410,Brad Imes,1
411,Brad Katona,1
412,Brad Kohler,1
413,Brad Morris,3
414,Brad Pickett,1
415,Brad Riddell,1
416,Brad Scott,1
23,Brad Tavares,1
417,Branden Lee Hinkle,1
418,Brandon Cash,2
419,Brandon Davis,1
420,Brandon Foxworth,1
421,Brandon Melendez,1
24,Brandon Moreno,1
25,Brandon Royval,1
422,Brandon Saling,3
423,Brandon Shuey,1
424,Brandon Thatch,1
425,Brandon Vera,1
426,Brandon Visher,1
427,Brandon Wolff,3
428,Brendan Allen,4
429,Brendan Loughnane,1
430,Brendan O'Reilly,1
431,Brendan Schaub,2
432,Brendan Seguin,4
433,Bret Bergmark,1
434,Brett Johns,4
435,Brett Rogers,1
436,Brian Bowles,1
437,Brian Camozzi,1
438,Brian Cobb,4
439,Brian Ebersole,4
440,Brian Foster,2
441,Brian Gassaway,1
442,Brian Geraghty,3
443,Brian Houston,1
444,Brian Johnston,1
445,Brian Kelleher,1
446,Brian Melancon,1
26,Brian Ortega,3
447,Brian Schwartz,1
448,Brian Sleeman,1
449,Brian Stann,1
450,Brian Warren,1
451,Brianna Van Buren,4
452,Bristol Marunde,1
453,Brock Jardine,1
454,Brock Larson,4
455,Brock Lesnar,4
456,Brodie Farber,2
457,Brok Weaver,1
458,Bruno Rodrigues,1
459,Bruno Santos,4
460,Bryan Baker,1
461,Bryan Barberena,2
462,Bryan Caraway,1
463,Bryan Pardoe,2
464,Bryan Travers,1
27,Bryce Mitchell,4
465,Bryson Kamaka,3
466,Bubba Bush,1
467,Buddy Roberts,1
468,Byron Bloodworth,1
472,Cain Carrizosa,1
473,Cain Velasquez,0
474,Caio Magalhaes,2
475,Cal Worsham,2
476,Cale Yarbrough,3
477,Callan Potter,3
28,Calvin Kattar,3
478,Cameron Dollar,1
479,Cameron Else,1
480,Caol Uno,1
481,Carl Seumanutafa,1
29,Carla Esparza,4
482,Carlo Pedersoli Jr.,3
483,Carlo Prater,3
484,Carlos Barreto,1
485,Carlos Condit,1
486,Carlos Eduardo Rocha,1
487,Carlos Felipe,1
488,Carlos Huachin,1
489,Carlos Newton,1
490,Carlos Zevallos,2
491,Carls John De Tomas,1
492,Carlton Jones,1
493,Carlton Minus,3
494,Carmelo Marrero,1
495,Caros Fodor,1
496,Carter Williams,1
497,Casey Kenney,2
498,Casey Olson,4
499,Cat Zingano,4
500,Cathal Pendred,1
469,CB Dollaway,4
501,Cesar Arzamendia,3
502,Cesar Gracie,3
503,Cezar Ferreira,1
504,Chad George,4
505,Chad Griggs,1
506,Chad Laprise,2
507,Chad Mendes,4
508,Chad Reiner,3
509,Chael Sonnen,4
30,Chan Sung Jung,0
511,Chance Farrar,1
512,Chance Rencountre,1
510,Chan-Mi Jeon,3
513,Charlene Gellner,1
514,Charles Byrd,3
515,Charles Jourdain,1
516,Charles McCarthy,1
31,Charles Oliveira,1
517,Charles Rosa,1
518,Charlie Brenneman,4
519,Charlie Kohler,1
520,Charlie Ontiveros,1
521,Charlie Valencia,1
522,Charlie Ward,3
523,Chas Skelly,1
524,Chase Beebe,4
525,Chase Gormley,3
526,Chase Hooper,1
527,Chase Sherman,3
528,Che Mills,2
529,Cheick Kongo,4
530,Chico Camus,1
531,Chris Avila,1
532,Chris Beal,1
533,Chris Brennan,1
534,Chris Camozzi,1
535,Chris Cariaso,1
536,Chris Clements,1
537,Chris Condo,3
538,Chris Cope,3
539,Chris Daukaus,0
564,Chris de la Rocha,3
540,Chris Dempsey,1
541,Chris Fishgold,1
542,Chris Gruetzemacher,3
543,Chris Gutierrez,1
544,Chris Haseman,1
545,Chris Heatherly,1
546,Chris Holdsworth,4
547,Chris Horodecki,1
548,Chris Indich,1
549,Chris Kelades,1
550,Chris Leben,2
551,Chris Liguori,1
552,Chris Lytle,2
553,Chris Mickle,3
554,Chris Mierzwiak,1
555,Chris Price,1
556,Chris Sanford,1
557,Chris Saunders,1
558,Chris Solomon,1
559,Chris Spang,1
560,Chris Tickle,4
561,Chris Tuchscherer,1
562,Chris Wade,4
32,Chris Weidman,4
563,Chris Wilson,1
565,Christian Aguilera,3
566,Christian Colombo,3
567,Christian Morecraft,4
568,Christian Wellisch,1
569,Christina Marks,2
570,Christophe Leninger,1
571,Christos Giagos,4
572,Chuck Grigsby,1
573,Chuck Liddell,1
574,Chuck O'Neil,1
575,Cindy Dandois,4
33,Ciryl Gane,1
470,CJ Keith,1
576,Claude Patrick,4
34,Claudia Gadelha,1
577,Claudio Puelles,4
578,Claudio Silva,4
579,Clay Collard,1
580,Clay Guida,4
581,Clay Harvison,1
582,Clifford Starks,1
583,Clint Coronel,3
584,Clint Godfrey,1
585,Clint Hester,1
471,CM Punk,1
586,Cody Donovan,3
587,Cody East,3
35,Cody Garbrandt,1
588,Cody Gibson,1
589,Cody McKenzie,1
590,Cody Pfister,4
36,Cody Stamann,1
37,Colby Covington,4
591,Cole Escovedo,1
592,Cole Miller,1
593,Cole Province,1
594,Cole Smith,4
595,Cole Williams,1
596,Colin Fletcher,1
597,Colin Robinson,3
598,Colleen Schneider,1
599,Collin Hart,3
600,Colton Smith,4
601,Conor Heun,4
38,Conor McGregor,0
602,Constantinos Philippou,1
603,Corey Anderson,2
604,Corey Hill,4
605,Cortney Casey,1
606,Cory Devela,3
607,Cory Hendricks,1
39,Cory Sandhagen,2
608,Cory Walmsley,1
609,Coty Wheeler,1
610,Court McGee,2
611,Courtney Buck,1
612,Crafton Wallace,1
613,Craig White,1
614,Craig Zellner,1
615,Cristiane Justino,2
616,Cristiano Marcello,1
617,Cristina Stanciu,1
618,Cub Swanson,1
619,Cung Le,1
620,Curt Warburton,4
40,Curtis Blaydes,4
621,Curtis Millender,1
622,Curtis Stout,1
41,Cynthia Calvillo,1
623,Cyril Asker,3
624,Cyrille Diabate,1
627,Daichi Abe,1
628,Daiju Takase,1
629,Dalcha Lungiambula,4
630,Dale Hartt,1
631,Damacio Page,2
626,DaMarques Johnson,1
632,Damian Grabowski,3
633,Damian Stasiak,1
634,Damien Brown,3
635,Damir Hadzovic,1
636,Damir Ismagulov,4
637,Damon Jackson,1
638,Dan Barrera,4
639,Dan Bobish,1
640,Dan Christison,1
641,Dan Cramer,4
642,Dan Evensen,1
643,Dan Hardy,1
644,Dan Henderson,1
42,Dan Hooker,2
43,Dan Ige,2
645,Dan Lauzon,1
646,Dan Miller,1
647,Dan Molina,1
648,Dan Moret,1
649,Dan Severn,1
650,Dan Stittgen,1
651,Daniel Cormier,4
652,Daniel Jolly,1
653,Daniel Kelly,1
654,Daniel McWilliams,1
655,Daniel Omielanczuk,1
656,Daniel Pineda,2
657,Daniel Puder,1
658,Daniel Roberts,1
659,Daniel Rodriguez,3
660,Daniel Sarafian,1
661,Daniel Spitz,1
662,Daniel Spohn,1
663,Daniel Teymur,1
664,Danielle Taylor,1
665,Danillo Villefort,1
666,Danilo Belluardo,3
667,Danilo Marques,4
668,Danny Abbadi,1
669,Danny Castillo,4
670,Danny Chavez,1
671,Danny Downes,1
672,Danny Henry,1
673,Danny Martinez,1
674,Danny Mitchell,1
675,Danny Roberts,1
676,Dante Rivera,1
677,Darko Stosic,1
678,Daron Cruickshank,1
679,Darrel Gholar,1
680,Darrell Horcher,1
681,Darrell Montague,3
682,Darren Elkins,4
683,Darren Stewart,1
44,Darren Till,1
684,Darren Uyenoyama,1
685,Darrick Minner,2
686,Darrill Schoonover,1
687,Dashon Johnson,1
625,Da-Un Jung,3
688,Dave Beneteau,2
689,Dave Galera,1
690,Dave Herman,3
691,Dave Jansen,4
692,Dave Menne,3
693,Dave Strasser,1
694,Dave Terrel,1
695,Davey Grant,1
696,Davi Ramos,1
697,David Abbott,2
698,David Avellan,3
699,David Baron,1
700,David Bielkheden,1
701,David Branch,4
702,David Dodd,1
45,David Dvorak,1
703,David Heath,1
704,David Hood,1
705,David Kaplan,1
706,David Lee,1
707,David Levicki,1
708,David Loiseau,1
709,David Michaud,1
710,David Mitchell,1
711,David Roberts,1
712,David Terrell,2
713,David Teymur,1
714,David Velasquez,1
715,David Zawada,1
716,Dean Lister,1
46,Deiveson Figueiredo,1
717,Deividas Taurosevicius,4
718,Del Hawkins,1
719,Delson Heleno,1
720,Demetrious Johnson,4
47,Demian Maia,4
721,Denis Kang,4
722,Denis Stojnic,1
723,Dennis Bermudez,4
724,Dennis Hallman,4
725,Dennis Siver,1
726,Dequan Townsend,1
48,Derek Brunson,2
727,Derek Downey,1
728,Deron Winn,3
729,Derrick Krantz,1
49,Derrick Lewis,1
730,Derrick Mehmen,1
731,Derrick Noble,2
732,Deshaun Johnson,1
733,Desmond Green,1
734,Devin Clark,4
735,Devin Cole,2
736,Devin Powell,1
737,Devonte Smith,2
738,Dhiego Lima,1
739,Diana Belbita,1
740,Diego Brandao,2
50,Diego Ferreira,2
741,Diego Nunes,1
742,Diego Rivas,1
743,Diego Sanchez,1
744,Diego Saraiva,1
745,Dieusel Berto,1
746,Dileno Lopes,1
747,Din Thomas,1
748,Dion Staring,1
749,Dmitri Stepanov,1
750,Dmitrii Smoliakov,1
751,Dmitry Sosnovskiy,4
752,Dokonjonosuke Mishima,1
753,Domingo Pilarte,4
754,Dominic Waters,1
51,Dominick Cruz,4
52,Dominick Reyes,2
755,Dominique Steele,4
756,Don Carlo-Clauss,3
757,Don Frye,2
758,Don Madge,4
53,Donald Cerrone,3
760,Dong Hyun Kim,4
761,Dong Hyun Ma,1
762,Dongi Yang,1
763,Donnie Chappell,1
764,Donnie Liles,1
765,Donny Walker,1
759,Don'Tale Mayes,1
766,Dooho Choi,0
767,Dorian Price,1
768,Doug Evans,1
769,Doug Marshall,2
770,Douglas Silva de Andrade,1
771,Drakkar Klose,1
772,Drew Dimanlig,1
54,Drew Dober,2
773,Drew Fickett,1
774,Drew McFedries,2
775,Dricus Du Plessis,2
776,Duane Ludwig,1
777,Duda Santana,2
778,Dusko Todorovic,0
779,Dustin Hazelett,1
780,Dustin Jacoby,1
781,Dustin Kimura,1
782,Dustin Neace,1
783,Dustin Ortiz,4
784,Dustin Pague,1
55,Dustin Poirier,2
785,Dwayne Cason,1
786,Dwight Grant,1
787,Dylan Andrews,1
788,Ebenezer Fontes Braga,1
789,Ed Herman,1
790,Ed Ratcliff,1
791,Eddie Alvarez,3
792,Eddie Gordon,2
793,Eddie Mendez,1
794,Eddie Ruiz,4
795,Eddie Sanchez,1
796,Eddie Wineland,1
797,Eddie Yagin,3
798,Eddy Ellis,1
799,Eddy Millis,1
800,Edgar Garcia,1
801,Edilberto de Oliveira,1
802,Edimilson Souza,1
56,Edmen Shahbazyan,0
804,Ednaldo Oliveira,1
57,Edson Barboza,1
805,Edson Berto,1
806,Eduardo Garagorri,1
807,Edward Faaloloto,3
808,Edwin DeWees,1
809,Edwin Figueroa,1
810,Efrain Escudero,1
811,Eiji Mitsuoka,3
812,Elaina Maxwell,1
813,Elias Garcia,1
814,Elias Silverio,4
815,Elias Theodorou,4
816,Eliot Marshall,1
817,Elizabeth Phillips,4
818,Elizeu Zaleski dos Santos,1
819,Elvis Mutapcic,1
820,Elvis Sinosic,1
821,Emil Meek,1
822,Emily Kagan,4
823,Emily Whitmire,1
824,Emmanuel Yarborough,3
825,Enrique Barzola,4
826,Enrique Marin,4
827,Enson Inoue,1
828,Eric Lawson,4
829,Eric Schafer,1
830,Eric Schambari,4
831,Eric Shelton,4
832,Eric Spicely,1
833,Eric Wisely,1
834,Eric Wray,1
835,Erick Montano,1
836,Erick Silva,1
837,Ericka Almeida,1
838,Erik Apple,1
839,Erik Koch,1
840,Erik Perez,2
841,Ernest Chavez,1
842,Ernie Verdicia,1
843,Eryk Anders,1
844,Estevan Payan,3
845,Eugene Jackson,1
846,Eugenio Tadeu,1
847,Evan Dunham,2
848,Evan Tanner,4
849,Evangelista Santos,3
850,Fabiano Iha,1
851,Fabiano Scherner,1
852,Fabio Gurgel,1
853,Fabio Maldonado,3
854,Fabricio Camoes,1
855,Fabricio Werdum,1
856,Falaniko Vitale,1
857,Fares Ziam,1
858,Fedor Emelianenko,1
58,Felice Herrig,1
859,Felicia Spencer,2
860,Felipe Arantes,1
861,Felipe Colares,1
862,Felipe Olivieri,3
863,Felipe Silva,1
864,Felix Lee Mitchell,1
865,Fernando Bruno,1
866,Fernando Gonzalez,1
867,Filip Pejic,1
868,Flavio Luiz Moura,1
869,Floyd Sword,1
870,Forrest Griffin,1
871,Forrest Petz,1
872,Francimar Barroso,1
873,Francis Carmont,4
59,Francis Ngannou,2
874,Francisco Rivera,1
875,Francisco Trevino,3
876,Francisco Trinaldo,1
877,Frank Camacho,3
878,Frank Caracci,1
879,Frank Gomez,4
880,Frank Hamaker,1
881,Frank Lester,1
882,Frank Megallon,1
883,Frank Mir,1
884,Frank Shamrock,2
885,Frank Trigg,1
60,Frankie Edgar,4
886,Frankie Perez,1
887,Frankie Saenz,1
888,Fred Ettish,1
889,Fredson Paixao,1
890,Fredy Serrano,1
891,Gabe Green,3
892,Gabe Lemley,1
893,Gabe Ruediger,1
894,Gabriel Benitez,1
895,Gabriel Gonzaga,1
896,Gabriel Silva,1
897,Gadzhimurad Antigulov,1
898,Galore Bofando,1
899,Gan McGee,1
900,Garett Whiteley,1
901,Garreth McLellan,1
902,Gary Frazier,1
903,Gary Goodridge,2
904,Gary Padilla,1
905,Gasan Umalatov,1
906,Gavin Tucker,1
907,Geane Herrera,1
908,Gegard Mousasi,4
909,Genki Sudo,1
61,Geoff Neal,2
910,George Bush,2
911,George Roop,1
912,George Sotiropoulos,4
913,George Sullivan,4
914,Georges St-Pierre,4
915,Gerald Harris,1
916,Gerald Meerschaert,1
917,Gerald Strebendt,1
918,Geraldo de Freitas,4
919,Gerard Gordeau,2
62,Germaine de Randamie,1
920,Gerry Harris,3
921,Gesias Cavalcante,1
922,Geza Kalman,4
923,Gian Villante,3
924,Gideon Ray,3
925,Giga Chikadze,1
926,Gigo Jara,1
927,Gil Castillo,4
928,Gilbert Aldana,1
63,Gilbert Burns,1
929,Gilbert Melendez,4
930,Gilbert Rael,1
931,Gilbert Smith,1
932,Gilbert Yvel,1
64,Gillian Robertson,4
933,Gina Carano,1
934,Gina Mazany,3
935,Glaico Franca Moreira,1
936,Gleison Tibau,4
65,Glover Teixeira,2
937,Godofredo Pepey,1
938,Gokhan Saki,3
939,Goran Reljic,1
940,Grant Dawson,4
941,Gray Maynard,1
942,Greg Hardy,0
943,Greg McIntyre,1
944,Greg Nagy,1
945,Greg Soto,4
946,Greg Stott,1
66,Gregor Gillespie,2
947,Grigory Popov,1
948,Guangyou Ning,4
949,Guido Cannetti,1
950,Guilherme Vasconcelos,1
951,Gunnar Nelson,1
952,Guram Kutateladze,1
953,Gustavo Lopez,3
954,Guto Inocente,1
955,Guy Mezger,1
956,Hacran Dias,1
957,Hakeem Dawodu,1
958,Hannah Cifers,3
959,Hannah Goldy,1
960,Hans Stringer,1
961,Harold Howard,2
962,Harris Sarmiento,1
963,Harry Moskowitz,1
964,Hatsu Hioki,4
965,Hayato Sakurai,1
966,Hayder Hassan,1
967,Heath Herring,4
968,Heather Clark,3
969,Hector Aldana,1
970,Hector Lombard,1
971,Hector Ramirez,1
972,Hector Sandoval,3
973,Hector Urbina,1
974,Heili Alateng,3
975,Henrique da Silva,3
976,Henry Briones,1
977,Henry Cejudo,2
978,Henry Martinez,1
979,Herbert Burns,1
980,Hermes Franca,1
981,Hernani Perpetuo,1
982,Herschel Walker,4
983,Hiroko Yamanaka,1
984,Hiromitsu Miura,1
985,Hiroyuki Takaya,1
986,Hitomi Akano,1
67,Holly Holm,1
987,Homer Moore,4
988,Horacio Gutierrez,1
989,Houston Alexander,3
990,Houston Dorr,1
991,Hu Yaozong,1
992,Hugo Duarte,3
993,Hugo Viana,1
994,Humberto Bandenay,3
995,Humberto Brown Morrison,4
996,Hunter Azure,1
997,Hyun Gyu Lim,3
998,Ian Entwistle,1
999,Ian Freeman,1
68,Ian Heinisch,2
1000,Ian Loveland,1
1001,Ian McCall,1
1002,Icho Larenas,1
1003,Igor Araujo,4
1004,Igor Gracie,4
1005,Igor Pokrajac,3
1006,Igor Zinoviev,1
1007,Ike Villanueva,3
1008,Ikuhisa Minowa,4
1009,Ildemar Alcantara,1
1010,Ilia Topuria,4
1011,Iliarde Santos,3
1012,Ilir Latifi,1
1013,Impa Kasanganay,1
1014,Inoue Mizuki,3
1015,Ion Cutelaba,0
69,Irene Aldana,3
1016,Irwin Rivera,1
1017,Isaac Vallie-Flagg,3
1018,Isabela de Padua,4
1019,Isaiah Hill,1
70,Islam Makhachev,4
1020,Ismail Naurdiev,1
71,Israel Adesanya,1
1021,Issei Tamura,1
1022,Iuri Alcantara,1
1023,Ivan Jorge,4
1024,Ivan Lopez,1
1025,Ivan Menjivar,1
1026,Ivan Salaverry,1
1027,Ivan Serati,1
1028,Izabela Badurek,1
1029,J.T Taylor,1
1032,Jacare Souza,4
72,Jack Hermansson,2
1033,Jack Marshman,1
1034,Jack May,1
1035,Jack Morrison,3
1036,Jack Nilson,2
1037,Jack Shore,4
1038,Jacob Kilburn,3
1039,Jacob Malkoun,3
1040,Jacob Volkmann,4
1041,Jae Suk Lim,1
1042,Jai Herbert,1
73,Jairzinho Rozenstruik,0
1043,Jake Collier,1
1044,Jake Ellenberger,1
1045,Jake Hecht,1
1046,Jake Lindsey,1
1047,Jake Matthews,4
1048,Jake O'Brien,4
1049,Jake Rosholt,4
1050,Jake Shields,4
1051,Jalin Turner,2
1052,Jamahal Hill,2
1053,Jamall Emmers,1
1054,Jameel Massouh,1
1055,James Bochnovic,1
1056,James Giboo,3
1057,James Hammortree,1
1058,James Head,1
1059,James Irvin,1
1060,James Krause,1
1061,James Lee,1
1062,James McSweeney,1
1063,James Moontasri,1
1064,James Mulheron,1
1065,James Te Huna,1
1066,James Terry,3
1067,James Toney,1
1068,James Vick,1
1069,James Wilks,1
1070,James Zikic,1
1071,Jamey Simmons,1
1072,Jamie Moyle,1
1073,Jamie Mullarkey,1
1074,Jamie Varner,1
1075,Jamie Yager,1
74,Jan Blachowicz,1
1076,Jan Finney,3
1077,Jan Nortje,0
75,Jared Cannonier,1
1078,Jared Gordon,2
1079,Jared Hamman,2
1080,Jared Papazian,1
1081,Jared Rollins,4
1082,Jared Rosholt,4
1083,Jarjis Danho,3
1084,Jarred Brooks,4
1085,Jarrod Kwitty,1
1086,Jason Black,1
1087,Jason Brilz,4
1088,Jason Day,1
1089,Jason DeLucia,1
1090,Jason Dent,1
1091,Jason Fairn,3
1092,Jason Gilliam,1
1093,Jason Godsey,1
1094,Jason Gonzalez,1
1095,Jason Guida,1
1096,Jason High,1
1097,Jason Knight,1
1098,Jason Lambert,4
1099,Jason MacDonald,1
1100,Jason Miller,1
1101,Jason Novelli,1
1102,Jason Reinhardt,1
1103,Jason Riley,3
1104,Jason Saggo,1
1105,Jason Tan,3
1106,Jason Thacker,3
1107,Jason Von Flue,1
1108,Jason Witt,3
1109,Jason Young,3
1110,Javier Vazquez,4
1111,Jay Cucciniello,1
1112,Jay Hieron,3
1113,Jay Silva,1
1030,JC Cottrell,1
1114,Jeff Bedard,4
1115,Jeff Cox,1
1116,Jeff Curran,1
1117,Jeff Hougland,1
1118,Jeff Hughes,1
1119,Jeff Joslin,1
1120,Jeff Monson,4
1121,Jeff Newton,1
1122,Jeff Terry,3
1123,Jenel Lausa,1
1124,Jenna Castillo,4
76,Jennifer Maia,1
1125,Jens Pulver,1
1126,Jeremiah Billington,1
1127,Jeremiah Metcalf,4
1128,Jeremy Horn,1
1129,Jeremy Jackson,4
1130,Jeremy Kennedy,4
1131,Jeremy Kimball,1
1132,Jeremy Lang,4
1133,Jeremy Larsen,3
77,Jeremy Stephens,1
1134,Jermaine Andre,1
1135,Jerome Rivera,3
1136,Jerrod Sanders,4
1137,Jerry Bohlander,1
1138,Jess Liaudin,1
1139,Jessamyn Duke,3
1140,Jesse Bongfeldt,1
1141,Jesse Forbes,1
1142,Jesse Fujarczyk,3
1143,Jesse Juarez,4
1144,Jesse Lennox,1
1145,Jesse Moreng,4
1146,Jesse Ronson,1
1147,Jesse Sanders,1
1148,Jesse Taylor,4
1149,Jessica Aguilar,3
78,Jessica Andrade,3
79,Jessica Eye,1
1150,Jessica Penne,3
1151,Jessica Rakoczy,1
1152,Jessica-Rose Clark,1
1153,Jessin Ayari,1
1154,Jesus Pinedo,1
1155,Ji Yeon Kim,3
1156,Jianping Yang,1
1157,Jim Alers,1
1158,Jim Miller,1
1159,Jim Mullen,1
1160,Jim Wallhead,3
1161,Jimi Manuwa,1
80,Jimmie Rivera,1
1162,Jimmy Ambriz,1
81,Jimmy Crute,2
1164,Jimmy Quinlan,1
1165,Jimy Hettes,4
1166,Jin Soo Son,3
1167,Jinh Yu Frey,1
82,Jiri Prochazka,3
1031,JJ Aldrich,1
1168,Joachim Christensen,3
83,Joanna Jedrzejczyk,2
84,Joanne Calderwood,2
1169,Joao Pierini,1
1170,Joao Roque,1
1171,Joao Zeferino,1
1172,Joaquim Silva,1
1173,Joaquin Buckley,3
1174,Joby Sanchez,1
1175,Jocelyn Jones-Lybarger,1
1176,Jodie Esquibel,3
1177,Joe Benoit,1
1178,Joe Brammer,1
1179,Joe Cason,3
1180,Joe Charles,1
1181,Joe Doerksen,1
1182,Joe Duarte,1
1183,Joe Duffy,1
1184,Joe Ellenberger,1
1185,Joe Giannetti,1
1186,Joe Hurley,1
1187,Joe Jordan,1
1188,Joe Lauzon,1
1189,Joe Martin,1
1190,Joe Merritt,1
1191,Joe Moreira,1
1192,Joe Pardo,1
1193,Joe Pearson,1
1194,Joe Proctor,1
1195,Joe Riggs,1
1196,Joe Slick,1
1197,Joe Solecki,4
1198,Joe Son,1
1199,Joe Soto,1
1200,Joe Stevenson,1
1201,Joe Vedepo,1
1202,Joe Veres,3
1203,Joel Alvarez,1
1204,Joey Beltran,3
1205,Joey Gambino,1
1206,Joey Gilbert,1
1207,Joey Roberts,1
1208,Joey Villasenor,1
1209,John Albert,2
1210,John Alessio,1
1211,John Campetella,1
1212,John Castaneda,3
1213,John Cholish,1
1214,John Cofer,1
1215,John Devine,1
1216,John Dodson,1
1217,John Dowdy,1
1218,John Franchi,1
1219,John Gunderson,4
1220,John Gunther,4
1221,John Halverson,3
1222,John Hathaway,4
1223,John Hosman,1
1224,John Howard,1
1225,John Kolosci,4
1226,John Lewis,1
1227,John Lineker,2
1228,John Lober,1
1229,John Maguire,4
1230,John Makdessi,2
1231,John Marsh,1
1232,John Matua,3
1233,John Moraga,1
1234,John Phillips,3
1235,John Polakowski,1
1236,John Salgado,1
1237,John Salter,1
1238,John Teixeira,1
1239,Johnny Bedford,2
1240,Johnny Case,1
1241,Johnny Eduardo,1
1242,Johnny Munoz,4
1243,Johnny Rees,4
1244,Johnny Rhodes,1
1245,Johnny Sampaio,1
85,Johnny Walker,2
1247,Johny Hendricks,4
1248,Jon Delos Reyes,1
1249,Jon Fitch,4
1250,Jon Hess,0
1251,Jon Jones,4
1252,Jon Madsen,4
1253,Jon Manley,1
1254,Jon Olav Einemo,1
1255,Jon Tuck,1
1256,Jonathan Brookins,1
1257,Jonathan Goulet,1
1258,Jonathan Martinez,1
1259,Jonathan Meunier,1
1260,Jonathan Pearce,3
1261,Jonathan Wiezorek,1
1262,Jonathan Wilson,1
1263,Jonavin Webb,1
86,Jordan Espinosa,1
1264,Jordan Griffin,1
1265,Jordan Johnson,4
1266,Jordan Mein,1
1267,Jordan Radev,1
1268,Jordan Rinaldi,1
1269,Jordan Williams,1
1270,Jordan Wright,0
1277,Jorge de Oliveira,1
1271,Jorge Gurgel,1
1272,Jorge Lopez,4
87,Jorge Masvidal,2
1273,Jorge Ortiz,1
1274,Jorge Patino,1
1275,Jorge Rivera,1
1276,Jorge Santiago,1
88,Jose Aldo,1
1278,Jose Maria,1
1279,Jose Palacios,1
1280,Jose Quinonez,1
1281,Jose Torres,3
89,Joseph Benavidez,1
1282,Joseph Gigliotti,1
1283,Joseph Morales,1
1284,Joseph Sandoval,3
1285,Josh Barnett,4
1286,Josh Bennett,3
1287,Josh Bryant,1
1288,Josh Clopton,4
1289,Josh Copeland,1
1290,Josh Culibao,1
1291,Josh Diekmann,3
90,Josh Emmett,1
1292,Josh Ferguson,1
1293,Josh Grispi,1
1294,Josh Haynes,1
1295,Josh Hendricks,3
1296,Josh Koscheck,4
1297,Josh LaBerge,1
1298,Josh McDonald,1
1299,Josh Neer,1
1300,Josh Rafferty,1
1301,Josh Samman,1
1302,Josh Sampo,1
1303,Josh Shockley,1
1304,Josh Shockman,1
1305,Josh Smith,1
1306,Josh Stansbury,3
1307,Josh Thomson,4
1308,Josh Thornburg,1
1309,Joshua Burkman,1
1310,Journey Newson,1
1311,Juan Adams,3
1312,Juan Espino,4
1313,Juan Manuel Puig,3
1314,Jules Bruchez,1
91,Julia Avila,0
1315,Julia Budd,3
1316,Julian Erosa,3
1317,Julian Marquez,1
1318,Julian Sanchez,3
1319,Juliana Lima,4
92,Julianna Pena,4
1320,Julie Kedzie,1
1321,Julija Stoliarenko,1
1322,Julio Arce,1
1323,Julio Paulino,1
1324,Jumabieke Tuerxun,1
1325,Junie Browning,1
1326,Junior Albini,3
1327,Junior Assuncao,4
93,Junior Dos Santos,1
1328,Junyong Park,2
94,Jussier Formiga,1
1329,Justin Buchholz,1
1330,Justin Edwards,1
1331,Justin Eilers,1
1332,Justin Frazier,1
95,Justin Gaethje,3
1333,Justin Haskins,1
1334,Justin Hawes,1
1335,Justin James,1
1336,Justin Jaynes,0
1337,Justin Jones,4
1338,Justin Lawrence,1
1339,Justin Ledet,3
1340,Justin Levens,1
1341,Justin McCully,4
1342,Justin McElfresh,3
1343,Justin Robbins,1
1344,Justin Salas,1
1345,Justin Scoggins,4
1346,Justin Tafa,1
1347,Justin Wilcox,1
1348,Justin Willis,1
1349,Justin Wren,1
1350,Justine Kish,1
1351,Jutaro Nakao,1
1354,Kai Kamaka,3
96,Kai Kara-France,2
1355,Kailin Curran,1
1356,Kajan Johnson,1
1357,Kalib Starnes,1
1358,Kalindra Faria,1
1359,Kamal Shalorus,1
97,Kamaru Usman,4
1360,Karen Darabedyan,1
1361,Karine Gevorgyan,1
1362,Karl Roberson,1
1363,Karlos Vemola,1
1364,Karo Parisyan,4
1365,Karol Rosa,3
1366,Karolina Kowalkiewicz,3
98,Katlyn Chookagian,1
1367,Katsuhisa Fujii,4
1368,Katsunori Kikuno,3
1369,Kay Hansen,4
1370,Kazuhiro Nakamura,1
1371,Kazuki Tokudome,4
1372,Kazula Vargas,1
1373,Kazuo Misaki,1
1374,Kazushi Sakuraba,1
1352,KB Bhullar,3
1375,Keigo Kunihara,4
1376,Keiichiro Yamamiya,1
1377,Keita Nakamura,1
1378,Keith Berish,3
1379,Keith Berry,1
1380,Keith Hackney,2
1381,Keith Jardine,1
1382,Keith Rockel,4
1383,Keith Wisniewski,1
1384,Kelly Dullanty,1
1385,Kelly Faszholz,1
99,Kelvin Gastelum,1
1386,Ken Shamrock,1
1387,Ken Stone,3
1388,Kendall Grove,1
1389,Kengo Ura,1
1390,Kenichi Yamamoto,4
1391,Kenji Osawa,1
1392,Kennedy Nzechukwu,1
1393,Kenneth Alexander,1
1394,Kenneth Seegrist,1
1395,Kenny Ento,2
1396,Kenny Florian,4
1397,Kenny Robertson,4
1398,Kerry Schall,1
100,Ketlen Vieira,4
1399,Kevin Aguilar,1
1400,Kevin Burns,1
1401,Kevin Casey,1
1402,Kevin Croom,2
1403,Kevin Ferguson,1
1404,Kevin Holland,2
1405,Kevin Jackson,1
1406,Kevin Jordan,1
1407,Kevin Knabjian,3
101,Kevin Lee,4
1408,Kevin Natividad,1
1409,Kevin Randleman,4
1410,Kevin Rosier,1
102,Khabib Nurmagomedov,4
1411,Khadis Ibragimov,1
1412,Khalid Murtazaliev,4
1413,Khalid Taha,2
1414,Khalil Rountree Jr.,1
1415,Khama Worthy,1
1416,Khamzat Chimaev,0
1417,Khaos Williams,0
1418,Kiichi Kunimoto,1
1419,Kim Couture,0
1420,Kimo Leopoldo,1
1421,Kit Cope,1
1353,KJ Noons,1
1422,Klidson Abreu,1
1423,Koji Kitao,1
1424,Koji Oishi,3
1425,Konstantin Erokhin,1
1426,Kris McCray,4
1427,Kristian Rothaermel,1
1428,Kristof Midoux,1
1429,Kron Gracie,1
1430,Krzysztof Jotko,4
1431,Krzysztof Soszynski,3
1432,Kuniyoshi Hironaka,1
1433,Kurt Holobaugh,3
1434,Kurt Pellegrino,4
1435,Kwan Ho Kwak,1
1436,Kyle Bochniak,1
1437,Kyle Bradley,3
1438,Kyle Daukaus,4
1439,Kyle Dietz,1
1440,Kyle Jensen,1
1441,Kyle Kingsbury,2
1442,Kyle Nelson,3
1443,Kyle Noke,1
1444,Kyle Prepolec,1
1445,Kyle Stewart,1
1446,Kyle Watson,1
1447,Kyler Phillips,2
1448,Kyoji Horiguchi,1
1449,Kyung Ho Kang,4
1451,Lance Benoist,4
1452,Lance Gibson,4
1453,Lando Vannata,1
1454,Lara Procopio,3
1455,Larissa Pacheco,1
1456,Larry Cureton,1
1457,Laureano Staropoli,1
1458,Lauren Mueller,1
103,Lauren Murphy,1
1459,Lavar Johnson,2
1460,Laverne Clark,4
1450,LC Davis,1
1461,Leah Letson,1
1462,Leandro Issa,4
1463,Leandro Silva,1
1464,Lee Higgins,1
1465,Lee Murray,1
1466,Leigh Remedios,1
1467,Lemont Davis,1
1468,Leo Kuntz,1
104,Leon Edwards,4
1469,Leonard Garcia,1
1470,Leonardo Guimaraes,1
1471,Leonardo Mafra,3
1472,Leonardo Morales,1
1473,Leonardo Santos,1
1474,Lerone Murphy,1
1475,Leslie Smith,3
1476,Levan Makashvili,4
1477,Lewis Gonzalez,4
1478,Li Jingliang,1
1479,Liana Jojua,1
1480,Liliya Shakirova,1
1481,Lina Kvokov,3
105,Lina Lansberg,1
1482,Lisa Ellis,1
1483,Livinha Souza,1
1484,Liz Carmouche,4
1485,Lodune Sincaid,3
1486,Logan Clark,4
1487,Lolohea Mahe,3
1488,Loma Lookboonmee,1
1489,Lorenz Larkin,1
1490,Louis Gaudinot,3
1491,Louis Smolka,1
1492,Louis Taylor,1
1493,Lowell Anderson,1
1494,Luan Chagas,1
1495,Luana Carolina,1
1496,Lucas Gamaza,3
1497,Lucas Martins,1
1498,Lucas Stark,1
1499,Lucie Pudilova,1
1500,Lucio Linhares,1
1501,Ludovit Klein,2
1502,Luigi Fioravanti,1
1503,Luigi Vendramini,2
1504,Luis Henrique,4
1505,Luis Pena,4
1506,Luis Ramos,3
1507,Luis Santos,1
1508,Luiz Cane,3
1509,Luiz Dutra,1
1510,Lukasz Sajewski,1
1511,Luke Barnatt,2
1512,Luke Caudillo,1
1513,Luke Cummo,1
1514,Luke Jumeau,1
1515,Luke Rockhold,2
1516,Luke Sanders,2
1517,Luke Stewart,4
1518,Luke Zachrich,3
1519,Lumumba Sayers,2
1520,Lyle Beerbohm,1
1521,Lyman Good,2
1522,Lyoto Machida,1
1523,Mac Danzig,1
1524,Maciej Jewtuszko,1
1525,Mack Brewer,1
1526,Mackens Semerzier,1
106,Mackenzie Dern,1
107,Macy Chiasson,2
1527,Mads Burnell,4
1528,Magno Almeida,1
1529,Magnus Cedenblad,4
108,Magomed Ankalaev,2
1530,Magomed Mustafaev,1
1531,Maia Stevenson,1
1532,Maiju Kujala,1
1533,Maiquel Falcao,4
1534,Mairbek Taisumov,1
1535,Maka Watson,1
1536,Makhmud Muradov,1
1537,Maki Pitolo,1
1538,Makwan Amirkhani,2
1539,Malcolm Gordon,1
1540,Mallory Martin,1
1541,Manny Bermudez,4
1542,Manny Tapia,1
1543,Manuel Rodriguez,4
1544,Manvel Gamburyan,1
1545,Mara Romero Borella,1
1546,Marc Diakiese,1
1547,Marc Stevens,1
1548,Marc-Andre Barriault,1
1549,Marcel Fortuna,1
1550,Marcelo Aguiar,1
1551,Marcelo Brito,1
1552,Marcelo Golm,3
1553,Marcelo Guimaraes,3
1554,Marcelo Mello,2
1555,Marcin Bandel,1
1556,Marcin Held,4
1557,Marcin Prachnio,1
109,Marcin Tybura,4
1558,Marcin Wrzosek,4
1559,Marcio Alexandre Junior,1
1560,Marcio Cruz,1
1561,Marco Beltran,1
1562,Marco Polo Reyes,3
1563,Marco Ruas,4
1564,Marcos Galvao,3
1565,Marcos Mariano,1
1566,Marcos Rogerio de Lima,2
1567,Marcos Vinicius,1
1568,Marcus Aurelio,2
1569,Marcus Bossett,1
1570,Marcus Brimage,3
1571,Marcus Davis,1
1572,Marcus Hicks,1
1573,Marcus Jones,1
1574,Marcus LeVesseur,4
1575,Marcus Silveira,1
110,Marina Rodriguez,2
1577,Mario Bautista,1
1578,Mario Miranda,1
1579,Mario Neto,1
1580,Mario Rivera,1
111,Marion Reneau,1
1581,Marius Zaromskis,3
1582,Mariya Agapova,2
1583,Mark Bocek,4
1584,Mark Coleman,4
1585,Mark De La Rosa,1
1586,Mark Eddiva,1
1587,Mark Godbeer,1
1588,Mark Hall,1
1589,Mark Holst,1
1590,Mark Hominick,3
1591,Mark Hughes,4
1592,Mark Hunt,1
1593,Mark Kerr,1
1594,Mark Madsen,0
1595,Mark Munoz,4
1596,Mark Scanlon,1
1597,Mark Schultz,4
1598,Mark Striegl,3
1599,Mark Weir,0
1600,Markus Perez,1
1601,Marloes Coenen,1
112,Marlon Moraes,1
113,Marlon Vera,1
1602,Martin Bravo,3
1603,Martin Day,3
1604,Martin Kampmann,1
1605,Martin Svensson,1
1606,Marvin Eastman,1
114,Marvin Vettori,2
1607,Maryna Moroz,1
1608,Masanori Kanehara,4
1609,Masio Fullen,1
1610,Masutatsu Yano,1
1611,Mateusz Gamrot,4
1612,Matheus Nicolau Pereira,1
1613,Mats Nilsson,3
1614,Matt Andersen,1
1615,Matt Arroyo,1
1616,Matt Bessette,1
1617,Matt Brown,2
1618,Matt Dwyer,1
1619,Matt Frevola,3
1620,Matt Grice,4
1621,Matt Hamill,2
1622,Matt Hobar,3
1623,Matt Horwich,1
1624,Matt Hughes,4
1625,Matt Kovacs,1
1626,Matt Lee,3
1627,Matt Lindland,4
1628,Matt Lucas,4
1629,Matt Mitrione,2
1630,Matt Ricehouse,1
1631,Matt Sayles,1
115,Matt Schnell,1
1632,Matt Serra,4
1633,Matt Van Buren,3
1634,Matt Veach,1
1635,Matt Wiman,1
1636,Matthew Lopez,1
1637,Matthew Riddle,4
1638,Matthew Semelsberger,3
1639,Maurice Greene,1
1640,Maurice Smith,1
116,Mauricio Rua,1
1641,Max Griffin,2
117,Max Holloway,2
1642,Max Rohskopf,1
1643,Maxim Grishin,1
1644,Maximo Blanco,2
118,Maycee Barber,2
1645,Mayra Bueno Silva,1
1646,Megan Anderson,1
1647,Mehdi Baghdad,1
1648,Melinda Fabian,3
1649,Melton Bowen,1
1650,Melvin Guillard,1
1651,Melvin Manhoef,1
119,Merab Dvalishvili,4
1652,Micah Miller,1
1653,Michael Bisping,1
120,Michael Chiesa,4
1654,Michael Graves,4
1655,Michael Johnson,1
1656,Michael Kuiper,1
1657,Michael McBride,1
1658,Michael McDonald,1
1659,Michael Patt,1
1660,Michael Trizano,1
1661,Michal Oleksiejczuk,2
1662,Michel Batista,1
1663,Michel Pereira,1
1664,Michel Prazeres,4
1665,Michel Quinones,1
121,Michelle Waterson,1
1666,Michihiro Omigawa,1
1667,Michinori Tanaka,4
1668,Mickael Lebout,1
1669,Mickey Gall,1
1670,Miesha Tate,4
1671,Miguel Baeza,2
1672,Miguel Linares,3
1673,Miguel Torres,1
1674,Mike Altman,1
1675,Mike Brown,4
1676,Mike Budnik,1
1677,Mike Campbell,1
1678,Mike Ciesnolevicz,1
1679,Mike Cook,1
1680,Mike Davis,3
1709,Mike de la Torre,3
1681,Mike Easton,1
1682,Mike French,1
1683,Mike Grundy,1
1684,Mike Guymon,1
1685,Mike Hayes,2
1686,Mike Jackson,4
1687,Mike Joy,1
1688,Mike King,4
1689,Mike Kyle,1
1690,Mike Lullo,1
1691,Mike Massenzio,1
1692,Mike Moreno,1
1693,Mike Nickels,4
1694,Mike Perry,1
1695,Mike Pierce,4
1696,Mike Pyle,1
1697,Mike Rhodes,1
1698,Mike Ricci,1
1699,Mike Rio,1
1700,Mike Rodriguez,2
1701,Mike Russow,4
1702,Mike Santiago,3
1703,Mike Seal,2
1704,Mike Stumpf,1
1705,Mike Swick,2
1710,Mike van Arsdale,1
1706,Mike Wessel,4
1707,Mike Whitehead,4
1708,Mike Wilkinson,1
1711,Mikey Burnett,2
1712,Milana Dudieva,1
1713,Miles Johns,1
1714,Milton Vieira,4
1715,Minoki Ichihara,1
1716,Miranda Granger,1
1717,Miranda Maverick,3
1718,Mirko Filipovic,1
1719,Mirsad Bektic,4
122,Misha Cirkunov,2
1720,Mitch Clarke,1
1721,Mitch Gagnon,1
1722,Mitsuhiro Ishida,1
1723,Mizuto Hirota,1
1724,Modestas Bukauskas,3
1725,Molly McCann,2
123,Montana De La Rosa,4
1726,Montel Jackson,4
1727,Mostapha Al-Turk,1
1728,Moti Horenstein,1
1729,Motonobu Tezuka,4
1730,Mounir Lazzez,2
1731,Movsar Evloev,4
1732,Muhammed Lawal,4
1733,Muhsin Corbbrey,1
1734,Murilo Bustamante,4
1735,Murilo Rua,2
1736,Muslim Salikhov,1
1737,Mychal Clark,2
1738,Myles Jury,4
1739,Nad Narimani,1
1740,Nadia Kassem,1
1741,Nah-Shon Burrell,1
1742,Nam Phan,3
1743,Nandor Guelmino,1
1744,Naoki Inoue,4
1745,Naoyuki Kotani,1
1746,Nasrat Haqparast,2
1747,Nassourdine Imavov,4
124,Nate Diaz,2
1748,Nate James,1
1749,Nate Landwehr,3
1750,Nate Loughran,1
1751,Nate Maness,1
1752,Nate Marquardt,1
1753,Nate Mohr,1
1754,Nate Moore,1
1755,Nate Quarry,2
1756,Nate Schroeder,1
1757,Nathan Coy,4
1758,Nathaniel Wood,2
1759,Nazareno Malegarie,1
1760,Neil Grove,1
125,Neil Magny,4
1761,Neil Seery,1
1762,Neil Wain,3
1763,Nicco Montano,4
1764,Nicholas Musoke,1
1765,Nick Agallar,1
1766,Nick Catone,4
1767,Nick Denis,0
1768,Nick Diaz,2
1769,Nick Ertl,1
1770,Nick Gonzalez,1
1771,Nick Hein,1
1772,Nick Osipczak,1
1773,Nick Pace,1
1774,Nick Penner,1
1775,Nick Ring,1
1776,Nick Roehrick,3
1777,Nick Rossborough,1
1778,Nick Sanzo,1
1779,Nick Serra,1
1780,Nick Thompson,4
1781,Nicolae Negumereanu,1
1782,Nicolas Dalby,1
1783,Nik Lentz,4
1784,Nik Theotikos,1
126,Nikita Krylov,2
1785,Niklas Backstrom,1
1786,Niklas Stolze,1
1787,Niko Price,3
127,Nina Ansaroff,1
1788,Nissen Osterneck,1
1789,Noad Lahat,4
1790,Noah Thomas,1
1791,Noe Hernandez,1
1792,Nohelin Hernandez,1
1793,Nolan Ticman,1
1794,Nordine Taleb,1
1795,Norifumi Yamamoto,1
1796,Norma Dumont,1
1797,Norman Parke,1
1798,Ode Osbourne,1
1799,Olaf Alfonso,1
1800,Oleg Taktarov,1
1801,Oli Thompson,1
1802,Oliver Enkamp,1
1803,Olivier Aubin-Mercier,1
1804,Oluwale Bamgbose,1
1805,Omar Morales,1
128,Omari Akhmedov,1
1806,Orlando Wiet,1
1807,Oskar Piechota,1
1808,Ottman Azaitar,2
1809,Ovince Saint Preux,1
1810,Pablo Garza,1
1811,Paddy Holohan,4
1812,Paige VanZant,4
129,Pannie Kianzad,1
1813,Papy Abedi,1
1814,Parker Porter,3
1815,Pascal Krauss,2
1816,Pat Audinwood,1
1817,Pat Barry,1
1818,Pat Healy,4
1819,Pat Miletich,4
1820,Pat Schilling,3
1821,Patrick Cote,1
1822,Patrick Cummins,1
1823,Patrick Kaase,2
1824,Patrick Murphy,1
1825,Patrick Smith,2
1826,Patrick Walsh,4
1827,Patrick Williams,1
1828,Paul Bradley,1
1829,Paul Buentello,1
130,Paul Craig,1
1830,Paul Creighton,1
1831,Paul Daley,1
131,Paul Felder,1
1832,Paul Georgieff,1
1833,Paul Herrera,3
1834,Paul Jones,4
1835,Paul Kelly,4
1836,Paul Redmond,1
1837,Paul Rodriguez,1
1838,Paul Sass,1
1839,Paul Taylor,1
1840,Paul Varelans,1
132,Paulo Costa,3
1841,Paulo Filho,1
1842,Paulo Thiago,1
1843,Pawel Pawlak,1
1844,Pearl Gonzalez,4
133,Pedro Munhoz,3
1845,Pedro Rizzo,1
1846,Peggy Morgan,3
1847,Per Eklund,1
1848,Pete Sell,1
1849,Pete Spratt,1
1850,Pete Williams,1
1851,Peter Barrett,1
1852,Peter Sobotta,1
134,Petr Yan,2
1853,Phil Baroni,2
1854,Phil Cardella,1
1855,Phil Davis,4
1856,Phil Harris,1
1857,Phil Johns,1
1858,Philip De Fries,3
1859,Philip Perez,1
1860,Philipe Lins,1
1861,Phillip Hawes,0
1862,Phillip Miller,4
1863,Phillipe Nover,1
1864,Pingyuan Liu,1
1865,Piotr Hallmann,4
1866,Poliana Botelho,2
1867,Polyana Viana,1
1868,Poppies Martinez,1
1869,Priscila Cachoeira,3
1870,Punahele Soriano,2
1871,Quinn Mulhern,1
1872,Quinton Jackson,1
1873,Rachael Ostovich,1
1874,Rafael Carino,4
1875,Rafael Cavalcante,1
1876,Rafael Dias,4
135,Rafael Dos Anjos,1
1877,Rafael Fiziev,1
1878,Rafael Natal,1
1879,Rafael Rebello,4
1880,Rafaello Oliveira,1
1881,Rainy Martinez,1
1882,Ramazan Emeev,4
1883,Rameau Thierry Sokoudjou,1
1884,Ramiro Hernandez,3
1885,Ramiz Brahimaj,3
1886,Ramsey Nijem,4
1887,Randa Markos,1
1888,Randy Brown,1
1889,Randy Costa,2
1890,Randy Couture,4
1891,Rani Yahya,4
1892,Raoni Barcelos,2
136,Raphael Assuncao,1
1893,Raphael Pessoa,1
137,Raquel Pennington,1
1894,Rashad Coulter,3
1895,Rashad Evans,4
1896,Rashid Magomedov,1
1897,Raul Castillo,1
138,Raulian Paiva,1
1898,Ray Borg,4
1899,Ray Perales,1
1900,Ray Rodriguez,1
1901,Ray Routh,1
1902,Ray Sefo,1
1903,Ray Seraille,3
1904,Ray Wizard,1
1905,Raymond Daniels,1
1906,Razak Al-Hassan,1
1907,Reese Andy,1
1908,Reginaldo Vieira,4
1909,Remco Pardoel,1
1910,Renan Barao,1
1911,Renato Moicano,1
1912,Renato Sobral,1
1913,Renato Verissimo,4
1914,Renee Forte,1
1915,Renzo Gracie,1
1916,Reuben Duran,4
1917,Rex Holman,3
1918,Rex Richards,0
1919,Reza Madadi,1
1920,Reza Nasri,3
1921,Rhys McKee,3
1922,Ricardo Abreu,1
1923,Ricardo Almeida,4
1924,Ricardo Barros,3
1925,Ricardo Funch,1
1926,Ricardo Lamas,1
1927,Ricardo Ramos,1
1928,Ricardo Romero,3
1929,Ricco Rodriguez,4
1930,Rich Attonito,4
1931,Rich Clementi,1
1932,Rich Franklin,1
1933,Richard Crunkilton,4
1934,Richard Dalton,1
1935,Richard Walsh,4
1936,Richardson Moreira,3
1937,Richie Hightower,3
1938,Richie Smullen,1
1939,Richie Vaculik,1
1940,Rick Davis,1
1941,Rick Glenn,1
1942,Rick Roufus,1
1943,Rick Story,4
1944,Ricky Johnson,1
1945,Ricky Legere Jr.,4
1946,Ricky Rainey,3
1947,Ricky Simon,1
1948,Riki Fukuda,2
1949,Rin Nakai,4
1950,Roan Carneiro,4
1951,Rob Broughton,1
1952,Rob Emerson,1
139,Rob Font,2
1953,Rob Kimmons,1
1954,Rob MacDonald,1
1955,Rob McCullough,1
1956,Rob Wilkinson,1
1957,Rob Yundt,4
140,Robbie Lawler,1
1958,Robert Breslin,1
1959,Robert Densley,1
1960,Robert Lucarelli,1
1961,Robert McDaniel,4
1962,Robert Peralta,1
1963,Robert Sanchez,4
1964,Robert Whiteford,1
141,Robert Whittaker,2
1965,Roberto Traven,1
1966,Rocky Lee,1
1967,Rodney Wallace,1
1968,Rodolfo Rubio Perez,1
1969,Rodolfo Vieira,4
1970,Rodrigo Damm,1
1973,Rodrigo de Lima,1
1971,Rodrigo Nascimento,3
1972,Rodrigo Ruas,3
1974,Roger Bowling,4
1975,Roger Gracie,1
1976,Roger Hollett,1
1977,Roger Huerta,0
1978,Roger Narvaez,1
1979,Roger Zapata,1
142,Rogerio Bontorin,1
1980,Rogerio Nogueira,1
1981,Roland Delorme,1
1982,Roland Payne,3
1983,Rolando Delgado,1
1984,Rolando Dy,1
1985,Rolando Perez,1
1986,Roldan Sangcha'an,1
1987,Rolles Gracie,1
1988,Roman Bogatov,4
1989,Roman Dolidze,1
1990,Roman Kopylov,1
1991,Roman Mitichyan,1
1992,Roman Salazar,4
1993,Romie Aram,4
1994,Ron Fields,1
1995,Ron Keslar,1
1996,Ron Stallings,1
1998,Ron van Clief,1
1997,Ron Waterman,2
1999,Ronald Jhun,1
2000,Ronda Rousey,0
2001,Ronny Markes,4
2002,Rony Jason,1
2003,Ronys Torres,4
2004,Roosevelt Roberts,1
2005,Roque Martinez,1
2006,Rory MacDonald,1
2007,Rory Markham,3
2008,Rory Singer,1
143,Rose Namajunas,1
2009,Rosi Sexton,3
2010,Ross Pearson,1
2011,Ross Pointon,1
2012,Rostem Akman,1
2013,Rousimar Palhares,1
144,Roxanne Modafferi,4
2014,Roy Nelson,1
2015,Royce Alger,4
2016,Royce Gracie,1
2017,Royston Wee,4
2018,Ruan Potts,1
2019,Ruben Villareal,2
2020,Rudy Bears,1
2021,Rudyard Moncayo,1
2022,Ruslan Magomedov,1
2023,Russell Doane,1
2024,Rustam Khabilov,4
2025,Ryan Bader,4
2026,Ryan Benoit,1
2027,Ryan Couture,1
145,Ryan Hall,1
2028,Ryan Healy,1
2029,Ryan Janes,3
2030,Ryan Jensen,1
2031,Ryan Jimmo,4
2032,Ryan LaFlare,4
2033,Ryan MacDonald,3
2034,Ryan Madigan,1
2035,Ryan McGillivray,1
2036,Ryan Parker,1
2037,Ryan Roberts,3
146,Ryan Spann,3
2039,Ryan Stonitsch,1
2040,Ryan Thomas,4
2041,Ryo Chonan,4
2042,Sabah Homasi,3
2043,Sabina Mazo,2
2044,Saeed Hosseini,1
2045,Sage Northcutt,2
2046,Sai Wang,4
2047,Said Nurmagomedov,0
2048,Sako Chivitchian,1
2049,Salim Touahri,1
2050,Sam Adkins,1
2051,Sam Alvey,1
2052,Sam Fulton,1
2053,Sam Hoger,1
2054,Sam Liera,3
2055,Sam Oropeza,0
2056,Sam Sicilia,1
2057,Sam Spengler,1
2058,Sam Stout,1
2059,Sammy Morgan,1
2060,Samy Schiavo,1
2061,Sanae Kikuta,4
2062,Santiago Ponzinibbio,3
2063,Saparbeg Safarov,1
147,Sara McMann,4
2064,Sarah Alpar,1
2065,Sarah D'alelio,1
2066,Sarah Frota,1
2067,Sarah Kaufman,2
2068,Sarah Moras,1
2069,Satoshi Honma,1
2070,Scott Adams,4
2071,Scott Askham,1
2072,Scott Baker,1
2073,Scott Bessac,1
2074,Scott Carson,1
2075,Scott Ferrozzo,1
2076,Scott Fiedler,1
2077,Scott Graham,1
2078,Scott Harper,1
2079,Scott Holtzman,4
2080,Scott Jorgensen,1
2081,Scott Junk,2
2082,Scott Lighty,1
2083,Scott McAfee,1
2084,Scott Morris,3
2085,Scott Norton,4
2086,Scott Shaffer,1
2087,Scott Smith,1
2088,Sean Alvarez,1
2089,Sean Brady,2
2090,Sean Daugherty,1
2091,Sean Gannon,1
2092,Sean McCorkle,1
2093,Sean O'Connell,3
2094,Sean O'Malley,2
2095,Sean Pierson,1
2096,Sean Salmon,1
2097,Sean Sherk,4
2098,Sean Soriano,1
2099,Sean Spencer,1
2100,Sean Strickland,1
2101,Sean Woodson,3
2102,Semmy Schilt,1
2103,Seo Hee Ham,1
2104,Sergei Kharitonov,3
148,Sergei Pavlovich,0
2105,Sergey Khandozhko,1
2106,Serghei Spivac,3
2107,Sergio Gomez,4
2108,Sergio Moraes,1
2109,Sergio Pettis,1
2110,Seth Baczynski,1
2111,Seth Dikun,1
2112,Seth Kleinbeck,2
2113,Seth Petruzelli,1
2114,SeungWoo Choi,1
2115,Shamar Bailey,1
149,Shamil Abdurakhimov,1
2116,Shamil Gamzatov,1
2117,Shana Dobson,3
150,Shane Burgos,3
2118,Shane Campbell,1
2119,Shane Carwin,2
2125,Shane del Rosario,1
2120,Shane Howell,1
2121,Shane Nelson,1
2122,Shane Primm,1
2123,Shane Roller,1
2124,Shane Young,3
2126,Shanna Young,1
2127,Shannon Gugerty,1
2128,Shavkat Rakhmonov,1
2129,Shawn Jordan,1
2130,Shayna Baszler,3
2131,Sheila Gaff,1
2132,Sheldon Westcott,4
2133,Sherman Pendergarst,4
2134,Sherron Leggett,4
2135,Sheymon Moraes,1
2136,Shinsho Anzai,1
2137,Shinya Aoki,1
2138,Shonie Carter,1
2139,Shunichi Shimizu,1
2140,Sidney Silva,1
151,Sijara Eubanks,4
2141,Simeon Thoresen,1
2142,Sione Latu,1
2143,Sirwan Kakai,1
2144,Siyar Bahadurzada,1
2145,Soa Palelei,4
152,Sodiq Yusuff,2
2146,Solomon Hutcherson,1
2147,Song Kenan,0
153,Song Yadong,1
2148,Spencer Fisher,1
2149,Spike Carlyle,0
2150,Stanislav Nedkov,3
2151,Stefan Sekulic,1
2152,Stefan Struve,1
2153,Stephan Bonnar,4
2154,Stephanie Egger,1
2155,Stephanie Webber,4
2156,Stephen Bass,3
2157,Stephen Ledbetter,4
154,Stephen Thompson,1
2158,Steve Berger,1
2159,Steve Bosse,1
2160,Steve Bruno,1
2161,Steve Byrnes,4
2162,Steve Cantwell,3
2163,Steve Garcia,1
2164,Steve Jennum,1
2165,Steve Judson,1
2166,Steve Kennedy,1
2167,Steve Lopez,1
2168,Steve Montgomery,1
2169,Steve Nelmark,1
2170,Steve Steinbeiss,1
2171,Steve Vigneault,1
2172,Steven Graham,1
2173,Steven Peterson,3
2174,Steven Siler,1
2175,Stevie Lynch,3
2176,Stevie Ray,1
155,Stipe Miocic,2
2177,Su Mudaerji,1
2178,Sultan Aliev,4
2179,Suman Mokhtarian,3
2180,Sung Bin Jo,1
2181,Syuri Kondo,3
2189,Tae Hyun Bang,1
2190,Tagir Ulanbekov,1
2191,Tai Bowden,1
2192,Tai Tuivasa,2
2193,Taila Santos,4
2194,Takanori Gomi,1
2195,Takashi Sato,0
2196,Takayo Hashi,3
2197,Takenori Sato,3
2198,Takeya Mizugaki,1
2199,Talita Bernardo,1
2200,Tamdan McCrory,1
2201,Tanner Boser,1
2202,Tarec Saffiedine,1
2203,Tateki Matsuda,1
2204,Tatiana Suarez,4
2205,Tatsuya Kawajiri,4
2206,Taylor Lapilus,4
2207,Te Edwards,4
156,Tecia Torres,1
2208,Tedd Williams,4
2209,Teemu Packalen,3
2210,Teila Tuli,1
2211,Terrion Ware,3
2212,Terry Etim,1
2213,Terry Martin,4
2214,Teruto Ishihara,1
2215,Tetsuji Kato,1
2216,Thaddeus Luster,1
2217,Thales Leites,4
2218,Thiago Alves,1
2219,Thiago Moises,1
2220,Thiago Perpetuo,1
157,Thiago Santos,1
2221,Thiago Silva,1
2222,Thiago Tavares,4
2223,Thibault Gouti,3
2224,Thomas Almeida,3
2225,Thomas Denny,1
2226,Thomas Gifford,3
2227,Thomas Ramirez,3
2228,Tiago dos Santos e Silva,1
2229,Tiki Ghosn,1
2230,Tim Boetsch,1
2231,Tim Credeur,3
158,Tim Elliott,4
2232,Tim Gorman,1
2233,Tim Hague,3
2234,Tim Kennedy,4
2235,Tim Lajcik,4
2236,Tim McKenzie,1
2237,Tim Means,2
2238,Tim Sylvia,2
2239,Tim Williams,3
2240,Timothy Johnson,4
2241,Tina Lahdemaki,1
2242,Tito Ortiz,4
2182,TJ Brown,4
2183,TJ Cook,1
2184,TJ Dillashaw,2
2185,TJ Grant,1
2186,TJ Laramie,3
2187,TJ O'Brien,1
2188,TJ Waldburger,1
2243,Todd Brown,1
2244,Todd Butler,1
2245,Todd Duffee,0
2246,Todd Medina,4
2247,Todd Moore,4
2248,Tom Aspinall,0
2249,Tom Blackledge,1
2250,Tom Breese,1
2251,Tom DeBlass,1
2252,Tom Duquesnoy,3
2253,Tom Egan,1
2254,Tom Gallicchio,3
2255,Tom Lawlor,1
2256,Tom Murphy,4
2257,Tom Niinimaki,1
2258,Tom Tuggle,1
2259,Tom Watson,1
2260,Tomasz Drwal,1
2261,Tommy Hayden,1
2262,Tommy Lee,1
2263,Tommy Speer,3
2264,Tony DeSouza,1
159,Tony Ferguson,2
2265,Tony Fryklund,1
2266,Tony Gravely,1
2267,Tony Halme,1
2268,Tony Juarez,3
2269,Tony Kelley,1
2270,Tony Petarra,1
2271,Tony Sims,1
2272,Tonya Evinger,3
2273,Tor Troeng,4
2274,Townsend Saunders,1
2275,Tra Telligman,1
2276,Tracy Cortez,4
2277,Travis Browne,1
2278,Travis Fulton,4
2279,Travis Lutter,1
2280,Travis Wiuff,1
2281,Trenell Young,3
2282,Trent Jenkins,1
2283,Trevin Giles,1
2284,Trevor Harris,1
2285,Trevor Prangley,4
2286,Trevor Smith,1
2287,Tristan Connelly,4
2288,Troy Mandaloniz,3
2289,Tsuyoshi Kohsaka,1
2290,Tulio Palhares,1
2291,Tyler Diamond,4
2292,Tyler Stinson,1
2293,Tyler Toner,1
2294,Tyra Parker,3
160,Tyron Woodley,1
2295,Tyrone Roberts,4
2296,Tyson Griffin,1
161,Tyson Nam,1
2297,Tyson Pedro,1
2298,Ulysses Gomez,1
162,Uriah Hall,1
2299,Urijah Faber,1
2300,Vagner Rocha,1
2301,Valentijn Overeem,1
163,Valentina Shevchenko,4
2302,Valeri Ignatov,1
2303,Valerie Letourneau,3
2304,Valmir Lazaro,1
2305,Vanessa Melo,3
2306,Vaughan Lee,1
2307,Vernon Ramos Ho,3
2308,Vernon White,3
2309,Veronica Macedo,1
164,Vicente Luque,3
2310,Victor Rodriguez,3
2311,Victor Valenzuela,1
2312,Victor Valimaki,1
2313,Vik Grujic,1
2314,Viktor Pesta,4
2315,Vinc Pichel,4
2316,Vince Cachero,3
2317,Vince Morales,1
2318,Vinicius Moreira,3
2319,Vinicius Queiroz,3
2320,Vinny Magalhaes,3
2321,Virgil Zwicker,3
165,Virna Jandiroba,4
2322,Viscardi Andrade,1
2323,Vitor Belfort,1
2324,Vitor Miranda,1
2325,Vitor Ribeiro,1
166,Viviane Araujo,3
2326,Viviane Pereira,1
2327,Vladimir Matyushenko,4
167,Volkan Oezdemir,3
2328,Wade Shipp,1
2329,Wagner Campos,4
2330,Wagner Prado,1
2331,Wagner Silva,1
2332,Wagnney Fabiano,4
2333,Walel Watson,1
2334,Wallid Ismail,1
168,Walt Harris,2
2335,Wanderlei Silva,3
2336,Wang Guan,1
2337,War Machine,4
2338,Warlley Alves,1
2339,Waylon Lowe,4
2340,Wayne Cole,1
2341,Wellington Turman,1
2342,Wendell Oliveira Marques,3
2343,Wes Albritton,3
2344,Wes Combs,1
2345,Wes Sims,1
2346,Wesley Correira,3
2347,Will Brooks,1
2348,Will Campuzano,1
2349,Will Chope,3
2350,Will Kerr,1
2351,Will Ribeiro,1
2352,Willamy Freire,1
2353,William Knight,4
2354,William Macario,1
2355,Willie Gates,1
2356,Wilson Gouveia,1
2357,Wilson Reis,4
2358,Wu Yanan,3
2359,Wuliji Buren,1
2360,Xavier Foupa-Pokam,1
169,Yair Rodriguez,1
2361,Yan Cabral,4
170,Yan Xiaonan,2
171,Yana Kunitskaya,4
2362,Yancy Medeiros,1
2363,Yao Zhikui,1
2364,Yaotzin Meza,1
2365,Yasuhiro Urushitani,1
172,Yoel Romero,1
2366,Yoislandy Izquierdo,1
2367,Yoji Anjo,1
2368,Yorgan De Castro,1
2369,Yosdenis Cedeno,1
2370,Yoshihiro Akiyama,1
2371,Yoshiki Takahashi,4
2372,Yoshinori Horie,1
2373,Yoshiro Maeda,1
2374,Yoshiyuki Yoshida,1
2375,Youssef Zalal,4
2376,Yui Chul Nam,4
2377,Yuki Kondo,1
2378,Yuki Sasaki,4
2379,Yuri Vaulin,4
2380,Yuri Villefort,1
2381,Yushin Okami,4
2382,Yusuke Kasuya,1
2383,Yuta Sasaki,1
2384,Yves Edwards,1
2385,Yves Jabouin,1
173,Zabit Magomedsharipov,4
2386,Zach Light,1
2387,Zach Makovsky,1
2388,Zach Skinner,1
2389,Zachary Micklewright,3
2390,Zak Cummings,1
2391,Zak Ottow,1
2392,Zane Frazier,1
2393,Zarah Fairn,3
2394,Zarrukh Adashev,1
2395,Zelim Imadaev,1
2396,Zhalgas Zhumagulov,1
2397,Zhang Lipeng,4
2398,Zhang Tiequan,1
174,Zhang Weili,0
2399,Zoila Frausto,1
2400,Zubaira Tukhugov,1
